{"AVAX/USDT:USDT": [6.13393517978e-05, 6.05280049042e-05, 5.72834917213e-05], "SOL/USDT:USDT": [6.86006553601e-05, 7.37229510976e-05, 7.36705522234e-05], "ETH/USDT:USDT": [-4.36712684569e-05, -4.58375628395e-05, -4.86823745428e-05], "BTC/USDT:USDT": [-1.18005791958e-05, -1.19470718262e-05, -1.26889717146e-05], "DOGE/USDT:USDT": [4.21127364905e-05, 4.45286784927e-05, 4.63342155951e-05], "DOT/USDT:USDT": [0.0001, 0.0001, 0.0001], "BNB/USDT:USDT": [9.59720404557e-05, 9.66146428175e-05, 9.70607084991e-05]}