{
  "coin": "ADA",
  "timestamp": "2026-04-20T00:01:52.580137",
  "ics": {
    "RSI": 0.25825443134464915,
    "ADX": -0.012729232318677711,
    "Bollinger": 0.37451255750790763,
    "Vol": -0.0731534571326359,
    "MACD": 0.18466951636075976,
    "BTC": 0.7211515369395227,
    "Gemma": 0.1
  },
  "weights": {
    "RSI": 0.2460407434745038,
    "ADX": 0.0,
    "Bollinger": 0.2460407434745038,
    "Vol": 0.0,
    "MACD": 0.20324029665812066,
    "BTC": 0.18453055760587783,
    "Gemma": 0.1201476587869939
  },
  "voting": {
    "total_return": 0,
    "n_trades": 0,
    "win_rate": 0,
    "max_drawdown": 0,
    "sharpe": 0
  },
  "rules": {
    "total_return": -0.6539034413290734,
    "n_trades": 4,
    "win_rate": 0.5,
    "max_drawdown": 5.479625365063178,
    "sharpe": -0.11041779547807185,
    "trades": [
      {
        "pnl_pct": -1.5741507870753926,
        "entry": 0.2414,
        "exit": 0.2376
      },
      {
        "pnl_pct": -3.967935871743484,
        "entry": 0.2495,
        "exit": 0.2396
      },
      {
        "pnl_pct": 0.7328990228013013,
        "entry": 0.2456,
        "exit": 0.2474
      },
      {
        "pnl_pct": 4.3407707910750455,
        "entry": 0.2465,
        "exit": 0.2572
      }
    ]
  },
  "winner": "voting"
}